email	first_name
maryjacobs@bogusemail.com	Mary
davesmith@bogusemail.com	Dave
janestuart@bogusemail.com	Jane
tomwright@bogusemail.com	Tom
steverobinson@bogusemail.com	Steve
nicolejacobs@bogusemail.com	Nicole
janewright@bogusemail.com	Jane
janedoe@bogusemail.com	Jane
kurtwright@bogusemail.com	Kurt
kurtrobinson@bogusemail.com	Kurt
janejenkins@bogusemail.com	Jane
neilrobinson@bogusemail.com	Neil
tompatterson@bogusemail.com	Tom
samjenkins@bogusemail.com	Sam
stevestuart@bogusemail.com	Steve
maggiepatterson@bogusemail.com	Maggie
maggiestuart@bogusemail.com	Maggie
janedoe@bogusemail.com	Jane
stevepatterson@bogusemail.com	Steve
davesmith@bogusemail.com	Dave
samwilks@bogusemail.com	Sam
kurtjefferson@bogusemail.com	Kurt
samstuart@bogusemail.com	Sam
janestuart@bogusemail.com	Jane
davedavis@bogusemail.com	Dave
sampatterson@bogusemail.com	Sam
tomjefferson@bogusemail.com	Tom
janestuart@bogusemail.com	Jane
maggiejefferson@bogusemail.com	Maggie
marywilks@bogusemail.com	Mary
neilpatterson@bogusemail.com	Neil
coreydavis@bogusemail.com	Corey
stevejacobs@bogusemail.com	Steve
janejenkins@bogusemail.com	Jane
johnjacobs@bogusemail.com	John
neilsmith@bogusemail.com	Neil
coreywilks@bogusemail.com	Corey
coreysmith@bogusemail.com	Corey
marypatterson@bogusemail.com	Mary
janestuart@bogusemail.com	Jane
travisarnold@bogusemail.com	Travis
johnrobinson@bogusemail.com	John
travisarnold@bogusemail.com	Travis
